code;label_n1;label_n2;description;commentaire
AF;Asia;Afghanistan;;
AX;Europe;Åland Islands;;
AL;Europe;Albania;;
DZ;Africa;Algeria;;
AS;Oceania;American Samoa;;
AD;Europe;Andorra;;
AO;Africa;Angola;;
AI;Americas;Anguilla;;
AQ;;Antarctica;;
AG;Americas;Antigua and Barbuda;;
AR;Americas;Argentina;;
AM;Asia;Armenia;;
AW;Americas;Aruba;;
AU;Oceania;Australia;;
AT;Europe;Austria;;
AZ;Asia;Azerbaijan;;
BS;Americas;Bahamas;;
BH;Asia;Bahrain;;
BD;Asia;Bangladesh;;
BB;Americas;Barbados;;
BY;Europe;Belarus;;
BE;Europe;Belgium;;
BZ;Americas;Belize;;
BJ;Africa;Benin;;
BM;Americas;Bermuda;;
BT;Asia;Bhutan;;
BO;Americas;Bolivia (Plurinational State of);;
BA;Europe;Bosnia and Herzegovina;;
BW;Africa;Botswana;;
BV;Americas;Bouvet Island;;
BR;Americas;Brazil;;
IO;Africa;British Indian Ocean Territory;;
BN;Asia;Brunei Darussalam;;
BG;Europe;Bulgaria;;
BF;Africa;Burkina Faso;;
BI;Africa;Burundi;;
CV;Africa;Cabo Verde;;
KH;Asia;Cambodia;;
CM;Africa;Cameroon;;
CA;Americas;Canada;;
KY;Americas;Cayman Islands;;
CF;Africa;Central African Republic;;
TD;Africa;Chad;;
CL;Americas;Chile;;
CN;Asia;China;;
CX;Oceania;Christmas Island;;
CC;Oceania;Cocos (Keeling) Islands;;
CO;Americas;Colombia;;
KM;Africa;Comoros;;
CG;Africa;Congo;;
CK;Oceania;Cook Islands;;
CR;Americas;Costa Rica;;
CI;Africa;Côte d'Ivoire;;
HR;Europe;Croatia;;
CU;Americas;Cuba;;
CW;Americas;Curaçao;;
CY;Asia;Cyprus;;
CZ;Europe;Czechia;;
DK;Europe;Denmark;;
DJ;Africa;Djibouti;;
DM;Americas;Dominica;;
DO;Americas;Dominican Republic;;
EC;Americas;Ecuador;;
EG;Africa;Egypt;;
SV;Americas;El Salvador;;
GQ;Africa;Equatorial Guinea;;
ER;Africa;Eritrea;;
EE;Europe;Estonia;;
SZ;Africa;Eswatini;;
ET;Africa;Ethiopia;;
FK;Americas;Falkland Islands (Malvinas);;
FO;Europe;Faroe Islands;;
FJ;Oceania;Fiji;;
FI;Europe;Finland;;
FR;Europe;France;;
GF;Americas;French Guiana;;
PF;Oceania;French Polynesia;;
TF;Africa;French Southern Territories;;
GA;Africa;Gabon;;
GM;Africa;Gambia;;
GE;Asia;Georgia;;
DE;Europe;Germany;;
GH;Africa;Ghana;;
GI;Europe;Gibraltar;;
GR;Europe;Greece;;
GL;Americas;Greenland;;
GD;Americas;Grenada;;
GP;Americas;Guadeloupe;;
GU;Oceania;Guam;;
GT;Americas;Guatemala;;
GG;Europe;Guernsey;;
GN;Africa;Guinea;;
GW;Africa;Guinea-Bissau;;
GY;Americas;Guyana;;
HT;Americas;Haiti;;
HM;Oceania;Heard Island and McDonald Islands;;
VA;Europe;Holy See;;
HN;Americas;Honduras;;
HK;Asia;Hong Kong;;
HU;Europe;Hungary;;
IS;Europe;Iceland;;
IN;Asia;India;;
ID;Asia;Indonesia;;
IR;Asia;Iran (Islamic Republic of);;
IQ;Asia;Iraq;;
IE;Europe;Ireland;;
IM;Europe;Isle of Man;;
IL;Asia;Israel;;
IT;Europe;Italy;;
JM;Americas;Jamaica;;
JP;Asia;Japan;;
JE;Europe;Jersey;;
JO;Asia;Jordan;;
KZ;Asia;Kazakhstan;;
KE;Africa;Kenya;;
KI;Oceania;Kiribati;;
KP;Asia;Korea (Democratic People's Republic of);;
KW;Asia;Kuwait;;
KG;Asia;Kyrgyzstan;;
LA;Asia;Lao People's Democratic Republic;;
LV;Europe;Latvia;;
LB;Asia;Lebanon;;
LS;Africa;Lesotho;;
LR;Africa;Liberia;;
LY;Africa;Libya;;
LI;Europe;Liechtenstein;;
LT;Europe;Lithuania;;
LU;Europe;Luxembourg;;
MO;Asia;Macao;;
MG;Africa;Madagascar;;
MW;Africa;Malawi;;
MY;Asia;Malaysia;;
MV;Asia;Maldives;;
ML;Africa;Mali;;
MT;Europe;Malta;;
MH;Oceania;Marshall Islands;;
MQ;Americas;Martinique;;
MR;Africa;Mauritania;;
MU;Africa;Mauritius;;
YT;Africa;Mayotte;;
MX;Americas;Mexico;;
FM;Oceania;Micronesia (Federated States of);;
MC;Europe;Monaco;;
MN;Asia;Mongolia;;
ME;Europe;Montenegro;;
MS;Americas;Montserrat;;
MA;Africa;Morocco;;
MZ;Africa;Mozambique;;
MM;Asia;Myanmar;;
;Africa;Namibia;;
NR;Oceania;Nauru;;
NP;Asia;Nepal;;
NL;Europe;Netherlands;;
NC;Oceania;New Caledonia;;
NZ;Oceania;New Zealand;;
NI;Americas;Nicaragua;;
NE;Africa;Niger;;
NG;Africa;Nigeria;;
NU;Oceania;Niue;;
NF;Oceania;Norfolk Island;;
MK;Europe;North Macedonia;;
MP;Oceania;Northern Mariana Islands;;
NO;Europe;Norway;;
OM;Asia;Oman;;
PK;Asia;Pakistan;;
PW;Oceania;Palau;;
PA;Americas;Panama;;
PG;Oceania;Papua New Guinea;;
PY;Americas;Paraguay;;
PE;Americas;Peru;;
PH;Asia;Philippines;;
PN;Oceania;Pitcairn;;
PL;Europe;Poland;;
PT;Europe;Portugal;;
PR;Americas;Puerto Rico;;
QA;Asia;Qatar;;
RE;Africa;Réunion;;
RO;Europe;Romania;;
RU;Europe;Russian Federation;;
RW;Africa;Rwanda;;
BL;Americas;Saint Barthélemy;;
KN;Americas;Saint Kitts and Nevis;;
LC;Americas;Saint Lucia;;
MF;Americas;Saint Martin (French part);;
PM;Americas;Saint Pierre and Miquelon;;
VC;Americas;Saint Vincent and the Grenadines;;
WS;Oceania;Samoa;;
SM;Europe;San Marino;;
ST;Africa;Sao Tome and Principe;;
SA;Asia;Saudi Arabia;;
SN;Africa;Senegal;;
RS;Europe;Serbia;;
SC;Africa;Seychelles;;
SL;Africa;Sierra Leone;;
SG;Asia;Singapore;;
SX;Americas;Sint Maarten (Dutch part);;
SK;Europe;Slovakia;;
SI;Europe;Slovenia;;
SB;Oceania;Solomon Islands;;
SO;Africa;Somalia;;
ZA;Africa;South Africa;;
GS;Americas;South Georgia and the South Sandwich Islands;;
SS;Africa;South Sudan;;
ES;Europe;Spain;;
LK;Asia;Sri Lanka;;
SD;Africa;Sudan;;
SR;Americas;Suriname;;
SJ;Europe;Svalbard and Jan Mayen;;
SE;Europe;Sweden;;
CH;Europe;Switzerland;;
SY;Asia;Syrian Arab Republic;;
TJ;Asia;Tajikistan;;
TH;Asia;Thailand;;
TL;Asia;Timor-Leste;;
TG;Africa;Togo;;
TK;Oceania;Tokelau;;
TO;Oceania;Tonga;;
TT;Americas;Trinidad and Tobago;;
TN;Africa;Tunisia;;
TR;Asia;Turkey;;
TM;Asia;Turkmenistan;;
TC;Americas;Turks and Caicos Islands;;
TV;Oceania;Tuvalu;;
UG;Africa;Uganda;;
UA;Europe;Ukraine;;
AE;Asia;United Arab Emirates;;
GB;Europe;United Kingdom of Great Britain and Northern Ireland;;
US;Americas;United States of America;;
UM;Oceania;United States Minor Outlying Islands;;
UY;Americas;Uruguay;;
UZ;Asia;Uzbekistan;;
VU;Oceania;Vanuatu;;
VE;Americas;Venezuela (Bolivarian Republic of);;
VN;Asia;Viet Nam;;
VG;Americas;Virgin Islands (British);;
VI;Americas;Virgin Islands (U.S.);;
WF;Oceania;Wallis and Futuna;;
EH;Africa;Western Sahara;;
YE;Asia;Yemen;;
ZM;Africa;Zambia;;
ZW;Africa;Zimbabwe;;
